<?xml version="1.0" encoding="UTF-8" ?>
<module>
	<name>blockpermanentlinks</name>
	<displayName><![CDATA[Bloque de enlaces permanentes]]></displayName>
	<version><![CDATA[0.3.0]]></version>
	<description><![CDATA[A&ntilde;adir un bloque que muestre los enlaces permanentes como mapa del sitio, contacto, etc.]]></description>
	<author><![CDATA[PrestaShop]]></author>
	<tab><![CDATA[front_office_features]]></tab>
	<is_configurable>0</is_configurable>
	<need_instance>0</need_instance>
	<limited_countries></limited_countries>
</module>