<?xml version="1.0" encoding="UTF-8" ?>
<module>
	<name>blocknewsletter</name>
	<displayName><![CDATA[Bloque newsletter]]></displayName>
	<version><![CDATA[2.3.1]]></version>
	<description><![CDATA[A&ntilde;adir un bloque para suscribirse a la newsletter.]]></description>
	<author><![CDATA[PrestaShop]]></author>
	<tab><![CDATA[front_office_features]]></tab>
	<confirmUninstall><![CDATA[¿Está seguro de querer eliminar todos sus contactos?]]></confirmUninstall>
	<is_configurable>1</is_configurable>
	<need_instance>0</need_instance>
	<limited_countries></limited_countries>
</module>