<?xml version="1.0" encoding="UTF-8" ?>
<module>
	<name>blocksearch</name>
	<displayName><![CDATA[Bloque de b&uacute;squeda r&aacute;pida]]></displayName>
	<version><![CDATA[1.7.0]]></version>
	<description><![CDATA[A&ntilde;ada u bloque con un campo de b&uacute;squeda r&aacute;pida]]></description>
	<author><![CDATA[PrestaShop]]></author>
	<tab><![CDATA[search_filter]]></tab>
	<is_configurable>0</is_configurable>
	<need_instance>0</need_instance>
	<limited_countries></limited_countries>
</module>