<?xml version="1.0" encoding="UTF-8" ?>
<module>
	<name>bankwire</name>
	<displayName><![CDATA[Transferencia bancaria]]></displayName>
	<version><![CDATA[1.1.1]]></version>
	<description><![CDATA[Aceptar pagos para sus productos a trav&eacute;s de transferencia bancaria.]]></description>
	<author><![CDATA[PrestaShop]]></author>
	<tab><![CDATA[payments_gateways]]></tab>
	<confirmUninstall><![CDATA[¿Está seguro de querer borrar los detalles?]]></confirmUninstall>
	<is_configurable>1</is_configurable>
	<need_instance>1</need_instance>
	<limited_countries></limited_countries>
</module>