<?xml version="1.0" encoding="UTF-8" ?>
<module>
	<name>blockcontactinfos</name>
	<displayName><![CDATA[Bloque de informaci&oacute;n de contactos]]></displayName>
	<version><![CDATA[1.2.0]]></version>
	<description><![CDATA[A&ntilde;adir&nbsp;un bloque&nbsp;para a&ntilde;adir algo de&nbsp;informaci&oacute;n acerca de&nbsp;ponerse en contacto con&nbsp;la tienda]]></description>
	<author><![CDATA[PrestaShop]]></author>
	<tab><![CDATA[front_office_features]]></tab>
	<is_configurable>1</is_configurable>
	<need_instance>1</need_instance>
	<limited_countries></limited_countries>
</module>