<?xml version="1.0" encoding="UTF-8" ?>
<module>
	<name>blockmyaccountfooter</name>
	<displayName><![CDATA[Bloque Mi cuenta en el pie de p&aacute;gina]]></displayName>
	<version><![CDATA[1.6.0]]></version>
	<description><![CDATA[Muestra un bloque con enlaces relativos a la cuenta de usuario]]></description>
	<author><![CDATA[PrestaShop]]></author>
	<tab><![CDATA[front_office_features]]></tab>
	<is_configurable>0</is_configurable>
	<need_instance>0</need_instance>
	<limited_countries></limited_countries>
</module>