<?xml version="1.0" encoding="UTF-8" ?>
<module>
	<name>blockspecials</name>
	<displayName><![CDATA[Bloque promociones especiales]]></displayName>
	<version><![CDATA[1.3.0]]></version>
	<description><![CDATA[A&ntilde;adir un bloque para mostrar los descuentos actuales en sus productos.]]></description>
	<author><![CDATA[PrestaShop]]></author>
	<tab><![CDATA[pricing_promotion]]></tab>
	<is_configurable>1</is_configurable>
	<need_instance>0</need_instance>
	<limited_countries></limited_countries>
</module>